<?xml version="1.0" encoding="UTF-8"?>
<project-private xmlns="http://www.netbeans.org/ns/project-private/1">
    <editor-bookmarks xmlns="http://www.netbeans.org/ns/editor-bookmarks/2" lastBookmarkId="0"/>
    <open-files xmlns="http://www.netbeans.org/ns/projectui-open-files/2">
        <group>
            <file>file:/home/oleksii/MPLABXProjects/Triac_block_12.h</file>
            <file>file:/home/oleksii/MPLABXProjects/CANOPEN.h</file>
            <file>file:/home/oleksii/MPLABXProjects/mcc_generated_files/mcc.h</file>
            <file>file:/home/oleksii/MPLABXProjects/main.c</file>
        </group>
    </open-files>
</project-private>
